"Species","Length_cm","Weight_g","Shape","Color","Origin"
"Cavendish",20.8527684526655,133.937362684376,"straight","bright yellow","South America"
"Cavendish",17.8229995863729,101.522755852269,"straight","bright yellow","South America"
"Cavendish",18.5891265295534,108.581726996232,"straight","bright yellow","South America"
"Cavendish",19.0371622269922,131.351121572352,"straight","bright yellow","South America"
"Cavendish",18.1516020604908,111.192519649475,"straight","bright yellow","South America"
"Cavendish",18.382358494714,112.971756757106,"straight","bright yellow","Southeast Asia"
"Cavendish",21.2784810747755,118.641007375165,"straight","bright yellow","Southeast Asia"
"Cavendish",14.6886165699921,77.6764016530327,"straight","bright yellow","Southeast Asia"
"Cavendish",19.8966366428444,138.353942977007,"straight","bright yellow","Southeast Asia"
"Cavendish",21.2999130756426,149.615855229992,"straight","bright yellow","South America"
"Cavendish",19.020456477363,117.909084341762,"straight","bright yellow","Southeast Asia"
"Cavendish",19.953414916319,133.509440582329,"straight","bright yellow","South America"
"Cavendish",20.0391249608694,147.154035471548,"curved","bright yellow","South America"
"Cavendish",19.128562783564,138.134215795704,"curved","bright yellow","South America"
"Cavendish",20.1043460285721,124.149041535601,"curved","bright yellow","Southeast Asia"
"Cavendish",18.4805730867986,85.8043418298048,"straight","bright yellow","Southeast Asia"
"Cavendish",19.2214245085284,130.910371246717,"straight","bright yellow","Southeast Asia"
"Cavendish",20.3224211284541,125.404690532362,"straight","bright yellow","Southeast Asia"
"Cavendish",17.3146940822772,101.368834084934,"curved","bright yellow","Southeast Asia"
"Cavendish",18.9540693868186,103.680681000755,"straight","bright yellow","South America"
"Cavendish",22.954124416975,121.514934804996,"curved","bright yellow","Southeast Asia"
"Cavendish",19.7904795528849,122.991106401315,"straight","bright yellow","Southeast Asia"
"Cavendish",17.1248230227101,89.7406387640408,"curved","bright yellow","South America"
"Cavendish",19.0208168702973,103.128138528359,"curved","bright yellow","Southeast Asia"
"Cavendish",17.1735797667563,116.405121424519,"straight","bright yellow","South America"
"Cavendish",19.8718510100657,142.312058084457,"straight","bright yellow","South America"
"Cavendish",20.2321649130555,99.8881559224066,"curved","bright yellow","Southeast Asia"
"Cavendish",20.1690129269384,114.094879170859,"straight","bright yellow","South America"
"Cavendish",20.423204793375,140.315342984814,"curved","bright yellow","Southeast Asia"
"Cavendish",17.4701116887811,114.976929667723,"straight","bright yellow","South America"
"Cavendish",16.5149622227739,113.181242921784,"curved","bright yellow","South America"
"Cavendish",20.234821804224,122.681347317645,"straight","bright yellow","South America"
"Cavendish",19.880582666319,130.487424664434,"straight","bright yellow","South America"
"Cavendish",18.7637576282227,100.194713252736,"straight","bright yellow","South America"
"Cavendish",19.1185017637709,140.381802103132,"curved","bright yellow","South America"
"Cavendish",17.4903292727224,96.940330837856,"curved","bright yellow","South America"
"Cavendish",18.7036919700676,94.0887207278852,"straight","bright yellow","South America"
"Cavendish",16.0012116247926,108.891458911829,"curved","bright yellow","Southeast Asia"
"Cavendish",19.4354270858659,132.027219083148,"curved","bright yellow","South America"
"Cavendish",19.1527735968569,123.328223221296,"straight","bright yellow","Southeast Asia"
"Cavendish",20.591940929294,146.596222467617,"straight","bright yellow","South America"
"Cavendish",16.1818717029836,94.0707911985777,"straight","bright yellow","Southeast Asia"
"Cavendish",21.7312464354398,150.175956949221,"straight","bright yellow","South America"
"Cavendish",15.6120550915613,94.9687025822816,"curved","bright yellow","Southeast Asia"
"Cavendish",18.8206611138213,94.7618687399303,"curved","bright yellow","Southeast Asia"
"Cavendish",15.9796500153145,99.9586696125857,"curved","bright yellow","Southeast Asia"
"Cavendish",20.3465694749546,144.598226553523,"straight","bright yellow","South America"
"Cavendish",19.3019412734217,113.73170290261,"curved","bright yellow","South America"
"Cavendish",15.6311984465352,108.457941204878,"curved","bright yellow","South America"
"Cavendish",14.6278711033185,78.4132034017818,"straight","bright yellow","South America"
"Cavendish",18.7434024117818,135.349547353407,"curved","bright yellow","South America"
"Cavendish",14.8835665097899,83.9393268514918,"straight","bright yellow","Southeast Asia"
"Cavendish",22.1750285113408,112.672046858936,"straight","bright yellow","Southeast Asia"
"Cavendish",17.3655078611516,110.162048726146,"straight","bright yellow","Southeast Asia"
"Cavendish",18.4702464225682,104.691434685082,"straight","bright yellow","South America"
"Cavendish",15.4015673756082,127.397200360455,"straight","bright yellow","South America"
"Cavendish",22.439150468938,138.741053245504,"curved","bright yellow","Southeast Asia"
"Cavendish",22.1039179000057,132.477267430337,"curved","bright yellow","South America"
"Cavendish",20.4696687097553,144.546258314297,"curved","bright yellow","South America"
"Cavendish",21.019320035984,150.896088025378,"curved","bright yellow","South America"
"Cavendish",20.190658804756,122.090878080156,"straight","bright yellow","South America"
"Cavendish",21.3103044608199,132.713097901853,"curved","bright yellow","Southeast Asia"
"Cavendish",17.8224968859997,122.736341146746,"straight","bright yellow","South America"
"Cavendish",15.3309085950859,101.916070031748,"straight","bright yellow","South America"
"Cavendish",17.3245420825423,109.583023240359,"curved","bright yellow","Southeast Asia"
"Cavendish",17.8186757721008,111.068002963621,"curved","bright yellow","Southeast Asia"
"Cavendish",20.2318842795469,138.204869348022,"straight","bright yellow","South America"
"Cavendish",17.3658558156377,101.670494669585,"straight","bright yellow","Southeast Asia"
"Cavendish",20.9141261069505,121.095686663381,"straight","bright yellow","Southeast Asia"
"Cavendish",17.3099256391265,109.552416229324,"straight","bright yellow","South America"
"Cavendish",20.1283152469683,147.924753493769,"curved","bright yellow","South America"
"Cavendish",20.2312864265865,140.309391154289,"curved","bright yellow","South America"
"Cavendish",22.1629790338215,113.590691589363,"curved","bright yellow","Southeast Asia"
"Cavendish",19.4330693220266,126.371317586138,"curved","bright yellow","South America"
"Cavendish",17.8605533827288,105.968577869946,"straight","bright yellow","Southeast Asia"
"Cavendish",18.2606502162244,87.4073954490873,"curved","bright yellow","South America"
"Cavendish",18.753046725747,79.7653475278876,"curved","bright yellow","Southeast Asia"
"Cavendish",22.4361738813245,115.144944666122,"curved","bright yellow","South America"
"Cavendish",17.8723175031379,100.096169418612,"curved","bright yellow","Southeast Asia"
"Cavendish",18.1462015842423,96.7136853270382,"straight","bright yellow","Southeast Asia"
"Cavendish",18.8924443973297,76.9136852652384,"curved","bright yellow","Southeast Asia"
"Cavendish",18.2570020874563,108.277942262618,"straight","bright yellow","South America"
"Cavendish",17.3218442082577,115.321553833642,"curved","bright yellow","South America"
"Cavendish",23.8120223843457,123.927605669459,"straight","bright yellow","Southeast Asia"
"Cavendish",18.6747647492785,105.830871680512,"curved","bright yellow","Southeast Asia"
"Cavendish",20.9241728641462,117.314755096411,"straight","bright yellow","South America"
"Cavendish",20.6618791925951,123.792730715287,"curved","bright yellow","Southeast Asia"
"Cavendish",17.3029706678643,112.258441317932,"straight","bright yellow","Southeast Asia"
"Cavendish",17.8465606041677,115.219342416386,"curved","bright yellow","Southeast Asia"
"Cavendish",16.4680093529909,108.255372838255,"curved","bright yellow","South America"
"Cavendish",22.2682292844014,120.012128652958,"straight","bright yellow","South America"
"Cavendish",20.3942612696168,107.504411563478,"curved","bright yellow","Southeast Asia"
"Cavendish",21.9836373024009,125.91887830376,"curved","bright yellow","Southeast Asia"
"Cavendish",17.9253331475782,124.302395626702,"curved","bright yellow","South America"
"Cavendish",16.3452629937484,101.748742366455,"curved","bright yellow","Southeast Asia"
"Cavendish",20.7572376647832,156.509811819123,"straight","bright yellow","South America"
"Cavendish",20.1636431916953,131.672286923361,"straight","bright yellow","South America"
"Cavendish",15.2112180367633,100.563498296871,"curved","bright yellow","South America"
"Cavendish",22.5154184094077,123.873720466381,"curved","bright yellow","South America"
"Cavendish",16.9445559694253,102.79505318937,"curved","bright yellow","South America"
"Cavendish",14.7162095805695,79.8539419340971,"straight","bright yellow","Southeast Asia"
"Cavendish",21.3598749201479,117.603002751424,"curved","bright yellow","Southeast Asia"
"Cavendish",17.2761551677391,116.211861075395,"straight","bright yellow","South America"
"Cavendish",20.9406056250456,126.526544409859,"straight","bright yellow","Southeast Asia"
"Cavendish",17.1200976202867,103.282801961303,"curved","bright yellow","South America"
"Cavendish",20.2838202443762,131.417696352553,"curved","bright yellow","South America"
"Cavendish",23.2767686790171,126.06471543282,"straight","bright yellow","Southeast Asia"
"Cavendish",18.7615624569781,96.5690155662447,"straight","bright yellow","South America"
"Cavendish",19.9383922668412,126.543389747993,"straight","bright yellow","Southeast Asia"
"Cavendish",18.6252818144705,107.162791478434,"curved","bright yellow","Southeast Asia"
"Cavendish",19.2481306396171,133.310377481379,"curved","bright yellow","Southeast Asia"
"Cavendish",20.0881980659194,127.603004315945,"straight","bright yellow","South America"
"Cavendish",20.8190469647903,119.415180297897,"curved","bright yellow","Southeast Asia"
"Cavendish",19.5273366654904,107.575618515155,"straight","bright yellow","Southeast Asia"
"Cavendish",19.1520701764863,130.570541367763,"straight","bright yellow","South America"
"Cavendish",21.5556243263289,110.907724260625,"straight","bright yellow","Southeast Asia"
"Cavendish",16.8889174574173,123.707365562386,"straight","bright yellow","South America"
"Cavendish",18.1227966370446,111.228466296466,"straight","bright yellow","Southeast Asia"
"Cavendish",21.5490922025843,112.353682397814,"straight","bright yellow","South America"
"Cavendish",17.8774256730533,70.553282201209,"straight","bright yellow","Southeast Asia"
"Cavendish",19.5041129825214,125.508471219209,"curved","bright yellow","South America"
"Cavendish",16.4535099144959,103.127516475394,"straight","bright yellow","Southeast Asia"
"Cavendish",16.3744319182259,97.8493311415818,"curved","bright yellow","Southeast Asia"
"Cavendish",19.083346272912,153.086042232178,"straight","bright yellow","South America"
"Cavendish",19.685887726877,136.619322466266,"curved","bright yellow","South America"
"Cavendish",19.5311534037773,140.413181231594,"curved","bright yellow","South America"
"Cavendish",17.0179988854066,95.4605480631195,"curved","bright yellow","Southeast Asia"
"Cavendish",16.1152570881888,109.238687627784,"curved","bright yellow","Southeast Asia"
"Cavendish",20.0404683586537,123.730275588148,"straight","bright yellow","Southeast Asia"
"Cavendish",19.5592347925248,103.57847397827,"curved","bright yellow","South America"
"Cavendish",17.8097629828261,108.98795649646,"straight","bright yellow","Southeast Asia"
"Cavendish",18.2128395861928,117.195551488314,"straight","bright yellow","Southeast Asia"
"Cavendish",18.4081052711432,89.9861640569018,"curved","bright yellow","Southeast Asia"
"Cavendish",21.8428574879359,119.950134230508,"curved","bright yellow","South America"
"Cavendish",18.2723486997466,92.38996220614,"straight","bright yellow","South America"
"Cavendish",20.0875853655891,123.476449976247,"curved","bright yellow","Southeast Asia"
"Cavendish",18.3975392856206,91.7878442891637,"straight","bright yellow","Southeast Asia"
"Cavendish",20.6617072125459,137.013420371141,"straight","bright yellow","Southeast Asia"
"Cavendish",20.8905177189572,127.90322449956,"curved","bright yellow","South America"
"Cavendish",19.3176631671379,133.247095785161,"curved","bright yellow","Southeast Asia"
"Cavendish",18.7534068203158,104.664083481446,"straight","bright yellow","South America"
"Cavendish",16.6316519674985,101.946841394571,"straight","bright yellow","South America"
"Cavendish",20.9029612332214,138.504182852251,"curved","bright yellow","South America"
"Cavendish",17.6940860695353,111.698849234578,"straight","bright yellow","Southeast Asia"
"Cavendish",19.1964769601022,129.771206121315,"curved","bright yellow","Southeast Asia"
"Cavendish",17.6619366217918,110.518504737191,"straight","bright yellow","South America"
"Cavendish",17.3819177923578,100.254303893317,"straight","bright yellow","Southeast Asia"
"Cavendish",17.389194437052,115.382238068942,"curved","bright yellow","South America"
"Cavendish",19.5491134865475,151.029584295539,"curved","bright yellow","South America"
"Cavendish",18.5503139556204,108.905424033783,"straight","bright yellow","South America"
"Cavendish",19.753079186851,131.540952081731,"curved","bright yellow","Southeast Asia"
"Cavendish",15.7771303461359,103.212047710568,"straight","bright yellow","South America"
"Cavendish",17.8923134760707,111.358280394111,"curved","bright yellow","South America"
"Cavendish",21.3488665671894,140.521249549145,"curved","bright yellow","South America"
"Cavendish",16.4570553989178,105.191383823661,"straight","bright yellow","Southeast Asia"
"Cavendish",19.4338039315177,137.711080223265,"curved","bright yellow","South America"
"Cavendish",17.7448943891965,107.451990273855,"curved","bright yellow","Southeast Asia"
"Cavendish",21.987542156597,132.134918423093,"curved","bright yellow","Southeast Asia"
"Cavendish",20.3187356176204,121.790341923541,"curved","bright yellow","South America"
"Cavendish",18.7843054708689,105.803970743374,"straight","bright yellow","Southeast Asia"
"Cavendish",16.950062728941,110.903827158255,"curved","bright yellow","South America"
"Cavendish",18.4877048204386,102.047756154756,"curved","bright yellow","South America"
"Cavendish",18.3094634977529,107.634169239503,"curved","bright yellow","South America"
"Cavendish",19.7065658276918,128.311748225855,"curved","bright yellow","South America"
"Cavendish",21.2450957116863,142.140252749614,"straight","bright yellow","Southeast Asia"
"Cavendish",18.1892962046362,118.104155495015,"curved","bright yellow","South America"
"Cavendish",20.7122097826379,125.023834386969,"straight","bright yellow","Southeast Asia"
"Cavendish",19.9065707184385,123.335862063846,"curved","bright yellow","Southeast Asia"
"Cavendish",18.9323747501605,93.9181728927408,"straight","bright yellow","Southeast Asia"
"Cavendish",22.9584488038747,129.372933073677,"straight","bright yellow","South America"
"Cavendish",21.0602395180623,136.985808337816,"straight","bright yellow","South America"
"Cavendish",18.255347611617,104.223314849678,"curved","bright yellow","Southeast Asia"
"Cavendish",19.8957646347566,138.908547046698,"curved","bright yellow","South America"
"Cavendish",18.1965118991214,105.636275539657,"curved","bright yellow","Southeast Asia"
"Cavendish",21.0059729782143,112.419547812191,"curved","bright yellow","Southeast Asia"
"Cavendish",19.4761854459613,138.70172676054,"curved","bright yellow","Southeast Asia"
"Cavendish",18.883259182053,120.930567817243,"curved","bright yellow","South America"
"Cavendish",19.4449200661824,129.473610586059,"straight","bright yellow","South America"
"Cavendish",19.2662916638548,122.488406237028,"straight","bright yellow","South America"
"Cavendish",22.1945858716098,104.716835427303,"curved","bright yellow","Southeast Asia"
"Cavendish",17.7425033834375,101.287577282594,"curved","bright yellow","Southeast Asia"
"Cavendish",17.7431003240126,127.578451907255,"curved","bright yellow","South America"
"Cavendish",14.7023430260927,72.6692477075534,"straight","bright yellow","Southeast Asia"
"Cavendish",19.4523526074112,135.148301617747,"curved","bright yellow","Southeast Asia"
"Cavendish",18.3026985934822,91.2023835499737,"straight","bright yellow","South America"
"Cavendish",19.0352016369201,133.123572873677,"straight","bright yellow","South America"
"Cavendish",17.2688859352451,103.987470042899,"straight","bright yellow","Southeast Asia"
"Cavendish",16.0484898860771,96.0504114163573,"curved","bright yellow","Southeast Asia"
"Cavendish",19.7271189273813,141.855812022599,"curved","bright yellow","Southeast Asia"
"Cavendish",21.1198166512052,106.44443296894,"curved","bright yellow","Southeast Asia"
"Cavendish",14.8853542044087,81.5698074757976,"curved","bright yellow","Southeast Asia"
"Cavendish",18.8217244875271,98.0603033156736,"curved","bright yellow","South America"
"Cavendish",19.4639846357985,137.532952104921,"straight","bright yellow","Southeast Asia"
"Cavendish",17.9636684820944,109.508985366553,"curved","bright yellow","Southeast Asia"
"Cavendish",19.8451764663412,132.525682605366,"curved","bright yellow","Southeast Asia"
"Cavendish",21.4184688986665,122.412825367615,"curved","bright yellow","Southeast Asia"
"Cavendish",19.2661183005083,140.888018897406,"straight","bright yellow","South America"
"Cavendish",20.8518816483462,121.520849086825,"straight","bright yellow","Southeast Asia"
"Cavendish",20.0629659898071,149.378484274386,"curved","bright yellow","South America"
"Cavendish",17.9080491523078,101.445891047464,"curved","bright yellow","Southeast Asia"
"Cavendish",22.239226560704,136.847404684639,"straight","bright yellow","South America"
"Cavendish",17.9271901086662,110.758922834721,"straight","bright yellow","South America"
"Cavendish",18.3477702691885,100.114166999735,"straight","bright yellow","Southeast Asia"
"Cavendish",22.0718011366598,109.613324045595,"curved","bright yellow","Southeast Asia"
"Cavendish",20.0739208834284,121.588138621437,"straight","bright yellow","Southeast Asia"
"Cavendish",16.400078708501,92.3428130798249,"straight","bright yellow","South America"
"Cavendish",18.5110752974979,97.2666133702761,"straight","bright yellow","Southeast Asia"
"Cavendish",20.0320261716439,137.452509548807,"straight","bright yellow","South America"
"Cavendish",19.3103376086094,147.931462954675,"curved","bright yellow","South America"
"Cavendish",18.6997029244101,98.0558107486084,"straight","bright yellow","Southeast Asia"
"Cavendish",19.482839188764,136.68546952321,"curved","bright yellow","South America"
"Cavendish",21.3633770678648,136.737746786553,"curved","bright yellow","Southeast Asia"
"Cavendish",16.0477247969574,117.964380812339,"straight","bright yellow","Southeast Asia"
"Cavendish",16.9541306385424,130.735537323563,"curved","bright yellow","South America"
"Cavendish",19.2981289034681,112.895818549053,"straight","bright yellow","Southeast Asia"
"Cavendish",17.6012201009936,107.492131106444,"curved","bright yellow","Southeast Asia"
"Cavendish",17.7622785546982,94.7403683663833,"curved","bright yellow","South America"
"Cavendish",17.9668026227355,111.903034230228,"curved","bright yellow","Southeast Asia"
"Cavendish",17.3133741687473,94.6047819995809,"straight","bright yellow","Southeast Asia"
"Cavendish",18.0531390022744,101.270818528382,"straight","bright yellow","South America"
"Cavendish",23.7417518449938,138.55910875783,"straight","bright yellow","South America"
"Cavendish",20.8159899195922,133.857538809839,"straight","bright yellow","Southeast Asia"
"Cavendish",15.473214978024,132.211950553055,"straight","bright yellow","South America"
"Cavendish",21.6508624887719,131.638407562171,"curved","bright yellow","South America"
"Cavendish",19.5394517505833,128.997374977548,"straight","bright yellow","Southeast Asia"
"Cavendish",20.2519681446172,127.718669402139,"straight","bright yellow","South America"
"Cavendish",21.3866559950117,135.473069059665,"straight","bright yellow","South America"
"Cavendish",21.8714786517446,134.616886094807,"curved","bright yellow","South America"
"Cavendish",20.4492823711543,152.752714467435,"curved","bright yellow","South America"
"Cavendish",18.1057468444249,114.32920179343,"straight","bright yellow","Southeast Asia"
"Cavendish",20.1524213603905,126.193224902504,"straight","bright yellow","Southeast Asia"
"Cavendish",20.4430700190928,135.391776438713,"curved","bright yellow","Southeast Asia"
"Cavendish",17.5548530296659,104.550038219033,"curved","bright yellow","Southeast Asia"
"Cavendish",15.6580710448798,91.8745301374746,"curved","bright yellow","Southeast Asia"
"Cavendish",17.0411088079269,108.592496664398,"curved","bright yellow","South America"
"Cavendish",22.5518081076099,139.020647989384,"straight","bright yellow","Southeast Asia"
"Cavendish",20.2758638761258,134.915441659515,"curved","bright yellow","South America"
"Cavendish",16.7615759009369,121.912423857343,"straight","bright yellow","South America"
"Cavendish",17.4418751654796,119.823014891069,"straight","bright yellow","South America"
"Cavendish",23.9880424477295,114.955214376269,"curved","bright yellow","Southeast Asia"
"Cavendish",19.9284642275897,126.69117732388,"curved","bright yellow","South America"
"Cavendish",16.5115971923294,117.867463963841,"curved","bright yellow","South America"
"Cavendish",18.8744424087689,108.819980664069,"straight","bright yellow","South America"
"Cavendish",19.2850653848107,128.738257614762,"straight","bright yellow","Southeast Asia"
"Cavendish",18.8552137070669,109.017598254794,"straight","bright yellow","Southeast Asia"
"Cavendish",18.6668337942387,88.9946158357,"curved","bright yellow","South America"
"Cavendish",18.7667841495797,120.864836610853,"curved","bright yellow","Southeast Asia"
"Cavendish",17.4565464906763,100.182091593383,"curved","bright yellow","Southeast Asia"
"Cavendish",21.9740630883194,139.263099301217,"straight","bright yellow","South America"
"Cavendish",17.0420564692575,118.260178587646,"curved","bright yellow","South America"
"Cavendish",22.3957354470637,126.824411327951,"straight","bright yellow","Southeast Asia"
"Cavendish",18.3522535144856,101.296553879984,"curved","bright yellow","Southeast Asia"
"Cavendish",17.5386404079295,120.641806700988,"straight","bright yellow","South America"
"Cavendish",23.4465565595892,119.828299054031,"straight","bright yellow","South America"
"Cavendish",20.4633789123765,136.453898587204,"curved","bright yellow","Southeast Asia"
"Cavendish",18.5351477802428,111.063611220826,"straight","bright yellow","South America"
"Cavendish",22.1135781100227,129.282809209976,"straight","bright yellow","Southeast Asia"
"Cavendish",22.1250410373733,115.782595711351,"straight","bright yellow","Southeast Asia"
"Cavendish",17.2965845895712,82.1634013263985,"straight","bright yellow","South America"
"Cavendish",17.4030510314681,96.6685362211705,"curved","bright yellow","Southeast Asia"
"Cavendish",17.5079097317224,85.3954768843852,"straight","bright yellow","Southeast Asia"
"Cavendish",18.4046278614543,99.0912888988167,"straight","bright yellow","Southeast Asia"
"Cavendish",19.3623867668473,129.619873356392,"curved","bright yellow","Southeast Asia"
"Cavendish",19.005739103878,130.211244496205,"straight","bright yellow","Southeast Asia"
"Cavendish",13.845954356856,69.0291466798745,"straight","bright yellow","South America"
"Cavendish",21.942671345112,125.742285038833,"curved","bright yellow","South America"
"Cavendish",18.6701377941835,105.011558651377,"curved","bright yellow","South America"
"Cavendish",18.6576300061597,85.7811022087342,"curved","bright yellow","Southeast Asia"
"Cavendish",20.8226166395646,129.229995748175,"straight","bright yellow","South America"
"Cavendish",18.2078997957441,110.174910316874,"straight","bright yellow","Southeast Asia"
"Cavendish",18.2332486837855,117.402120153715,"curved","bright yellow","South America"
"Cavendish",21.7065403475927,117.14405621276,"straight","bright yellow","Southeast Asia"
"Cavendish",21.6802877695779,138.563036418164,"straight","bright yellow","Southeast Asia"
"Cavendish",19.8760323125731,125.032665802127,"straight","bright yellow","South America"
"Cavendish",19.5217149443708,114.013276472863,"curved","bright yellow","Southeast Asia"
"Cavendish",22.5441330950373,136.017974892122,"curved","bright yellow","Southeast Asia"
"Cavendish",19.7015863175927,131.568199834065,"straight","bright yellow","Southeast Asia"
"Lady's Finger",13.3680599985947,76.8068633709108,"straight","deep yellow","Australia"
"Lady's Finger",12.4054009522293,95.3564058146908,"straight","deep yellow","Southeast Asia"
"Lady's Finger",13.959989308243,75.124188544927,"straight","deep yellow","Southeast Asia"
"Lady's Finger",13.6681364990827,81.867377442502,"straight","deep yellow","Australia"
"Lady's Finger",10.8361635800261,62.5440252687564,"straight","deep yellow","Australia"
"Lady's Finger",9.58612396241829,59.3803381796403,"curved","deep yellow","Australia"
"Lady's Finger",11.0402374798291,67.5120328612672,"curved","deep yellow","Southeast Asia"
"Lady's Finger",12.4667159916836,103.472294156935,"straight","deep yellow","Australia"
"Lady's Finger",11.289590706953,53.4055725534153,"straight","deep yellow","Southeast Asia"
"Lady's Finger",12.8040824017665,72.0188142780869,"straight","deep yellow","Australia"
"Lady's Finger",11.577497069297,38.1803383099609,"curved","deep yellow","Southeast Asia"
"Lady's Finger",12.3304130484954,64.2347087730179,"curved","deep yellow","Australia"
"Lady's Finger",12.4311929342962,83.5081597869681,"curved","deep yellow","Australia"
"Lady's Finger",12.2418470941604,82.926248682565,"straight","deep yellow","Australia"
"Lady's Finger",12.2618289613148,71.3534108260917,"straight","deep yellow","Southeast Asia"
"Lady's Finger",12.1497322124485,86.3378102407297,"straight","deep yellow","Australia"
"Lady's Finger",8.42123355651691,44.8473191620891,"curved","deep yellow","Southeast Asia"
"Lady's Finger",12.8045450654562,68.4239433202753,"curved","deep yellow","Southeast Asia"
"Lady's Finger",11.7447976378137,54.5235180779105,"curved","deep yellow","Southeast Asia"
"Lady's Finger",11.0584858132108,42.2496601130707,"straight","deep yellow","Southeast Asia"
"Lady's Finger",11.8805093148539,52.1897125533075,"straight","deep yellow","Southeast Asia"
"Lady's Finger",9.674260070918,57.1213502770387,"curved","deep yellow","Australia"
"Lady's Finger",12.8624165672424,67.5682408452021,"curved","deep yellow","Southeast Asia"
"Lady's Finger",10.3313868120592,42.9423486325681,"straight","deep yellow","Southeast Asia"
"Lady's Finger",10.2910112347386,58.7238890726214,"curved","deep yellow","Australia"
"Lady's Finger",8.78245745204244,66.3316666620738,"straight","deep yellow","Southeast Asia"
"Lady's Finger",12.4863437034026,92.585110347158,"straight","deep yellow","Southeast Asia"
"Lady's Finger",12.9219657695749,46.4002890746524,"curved","deep yellow","Australia"
"Lady's Finger",11.997355303113,61.1309183498208,"straight","deep yellow","Southeast Asia"
"Lady's Finger",11.5889526291382,42.9082587241689,"straight","deep yellow","Australia"
"Lady's Finger",12.3359087128449,56.205533330782,"curved","deep yellow","Southeast Asia"
"Lady's Finger",9.83622248637721,38.6822847293534,"straight","deep yellow","Southeast Asia"
"Lady's Finger",6.90118708615752,49.608243810489,"curved","deep yellow","Australia"
"Lady's Finger",11.7586081147802,41.5689704194045,"curved","deep yellow","Australia"
"Lady's Finger",9.30786731226023,62.3018897660995,"curved","deep yellow","Australia"
"Lady's Finger",13.6411478277065,81.9543145704874,"curved","deep yellow","Southeast Asia"
"Lady's Finger",8.28676800173504,29.0654305711183,"straight","deep yellow","Southeast Asia"
"Lady's Finger",11.0986012205634,34.1221911058235,"curved","deep yellow","Southeast Asia"
"Lady's Finger",10.2693888424677,49.4135805519872,"straight","deep yellow","Southeast Asia"
"Lady's Finger",14.4818825305857,89.8337237018801,"curved","deep yellow","Southeast Asia"
"Lady's Finger",14.6622982431837,78.0216610440051,"straight","deep yellow","Australia"
"Lady's Finger",10.2030668808324,48.9651891553644,"curved","deep yellow","Southeast Asia"
"Lady's Finger",10.2426920608167,52.8531740722896,"curved","deep yellow","Southeast Asia"
"Lady's Finger",12.1214003098202,75.2882417297808,"straight","deep yellow","Australia"
"Lady's Finger",9.88295198518177,47.0185012363408,"curved","deep yellow","Southeast Asia"
"Lady's Finger",11.1454554153047,52.8521667307379,"curved","deep yellow","Australia"
"Lady's Finger",10.49687069307,57.3951065856904,"curved","deep yellow","Australia"
"Lady's Finger",6.87366650167151,55.0544437902149,"straight","deep yellow","Australia"
"Lady's Finger",13.4527702723204,56.3132616742762,"straight","deep yellow","Southeast Asia"
"Lady's Finger",11.5013333531162,58.5228980533188,"straight","deep yellow","Australia"
"Lady's Finger",14.4283160126484,85.7696927427967,"straight","deep yellow","Southeast Asia"
"Lady's Finger",10.3840402135299,71.8480870824242,"straight","deep yellow","Australia"
"Lady's Finger",6.66159709831394,33.1231184071805,"straight","deep yellow","Australia"
"Lady's Finger",10.2513324548647,72.3254855723798,"curved","deep yellow","Southeast Asia"
"Lady's Finger",12.1754573720658,66.1931578107629,"straight","deep yellow","Australia"
"Lady's Finger",7.72941610494164,56.283997981107,"straight","deep yellow","Australia"
"Lady's Finger",14.6975038102064,75.8497464898212,"curved","deep yellow","Southeast Asia"
"Lady's Finger",9.37706975430908,47.6080286756124,"straight","deep yellow","Southeast Asia"
"Lady's Finger",12.7067273501292,80.9865194813844,"straight","deep yellow","Australia"
"Lady's Finger",11.5755199899887,51.9406664433879,"curved","deep yellow","Australia"
"Lady's Finger",8.86870914962815,33.3251658971497,"straight","deep yellow","Southeast Asia"
"Lady's Finger",11.9107203882063,26.0435945992211,"straight","deep yellow","Australia"
"Lady's Finger",12.1377252566614,88.8811949739154,"straight","deep yellow","Australia"
"Lady's Finger",16.4497671284497,72.0045829456161,"curved","deep yellow","Australia"
"Lady's Finger",11.6876840707452,52.6104472555503,"curved","deep yellow","Australia"
"Lady's Finger",10.4723900149287,54.0830223931075,"curved","deep yellow","Australia"
"Lady's Finger",13.7917770617655,76.9022825298378,"straight","deep yellow","Southeast Asia"
"Lady's Finger",12.2663619513723,87.0922154564988,"curved","deep yellow","Southeast Asia"
"Lady's Finger",10.907325041535,52.0550017642782,"curved","deep yellow","Australia"
"Lady's Finger",10.737379550209,68.4082600976536,"straight","deep yellow","Australia"
"Lady's Finger",12.2886047095905,70.4428324595108,"straight","deep yellow","Australia"
"Lady's Finger",14.034629260133,64.1041268406045,"straight","deep yellow","Southeast Asia"
"Lady's Finger",12.2868191567541,75.5470802889442,"straight","deep yellow","Southeast Asia"
"Lady's Finger",10.7221967269012,66.4924522419809,"straight","deep yellow","Australia"
"Lady's Finger",13.2484884202356,75.0861177211992,"curved","deep yellow","Southeast Asia"
"Lady's Finger",11.4394663276836,69.0043529343776,"straight","deep yellow","Southeast Asia"
"Lady's Finger",13.3466098322423,75.9148307063329,"curved","deep yellow","Australia"
"Lady's Finger",14.6646889018698,77.95789848304,"straight","deep yellow","Australia"
"Lady's Finger",13.0492333492639,56.3878620135772,"curved","deep yellow","Southeast Asia"
"Lady's Finger",11.9066077052325,49.209266880799,"straight","deep yellow","Southeast Asia"
"Lady's Finger",9.30364278178238,53.1686703546646,"curved","deep yellow","Australia"
"Lady's Finger",8.55413347446339,44.3673634879398,"curved","deep yellow","Australia"
"Lady's Finger",12.4442850539624,78.242974701547,"curved","deep yellow","Australia"
"Lady's Finger",12.2873491453209,58.4450053748793,"curved","deep yellow","Australia"
"Lady's Finger",11.9579294364527,51.9969991225136,"curved","deep yellow","Southeast Asia"
"Lady's Finger",12.925616998442,76.855391244287,"straight","deep yellow","Australia"
"Lady's Finger",15.0351830380683,104.105698512609,"straight","deep yellow","Southeast Asia"
"Lady's Finger",9.65525858772208,40.3925548429055,"curved","deep yellow","Southeast Asia"
"Lady's Finger",12.3111079243095,76.4362515974836,"curved","deep yellow","Southeast Asia"
"Lady's Finger",14.9693422326777,78.8168253433586,"curved","deep yellow","Australia"
"Lady's Finger",13.9179185496196,72.4127735392412,"curved","deep yellow","Southeast Asia"
"Lady's Finger",11.7564776692509,58.8624107419496,"curved","deep yellow","Southeast Asia"
"Lady's Finger",8.16912581406229,46.5217627858428,"straight","deep yellow","Southeast Asia"
"Lady's Finger",10.1821753483631,64.5350675048657,"curved","deep yellow","Southeast Asia"
"Lady's Finger",12.6806010444034,78.3345329354438,"curved","deep yellow","Australia"
"Lady's Finger",10.2232257350839,31.0619421704915,"curved","deep yellow","Southeast Asia"
"Lady's Finger",11.2148220958221,50.6523298880508,"straight","deep yellow","Southeast Asia"
"Lady's Finger",14.4516865416073,76.7377173819307,"curved","deep yellow","Southeast Asia"
"Lady's Finger",12.9974384663081,75.9601997099246,"straight","deep yellow","Southeast Asia"
"Lady's Finger",11.0299617567235,44.5597992745802,"curved","deep yellow","Australia"
"Lady's Finger",15.6730266803931,108.044137418314,"straight","deep yellow","Australia"
"Lady's Finger",14.3353340900447,78.0063893319862,"curved","deep yellow","Australia"
"Lady's Finger",12.6348655678961,73.4380784533795,"curved","deep yellow","Australia"
"Lady's Finger",11.713013464309,50.9660519063016,"curved","deep yellow","Australia"
"Lady's Finger",17.9406577212742,96.6286971064151,"curved","deep yellow","Southeast Asia"
"Lady's Finger",13.570835202263,83.5709487225966,"curved","deep yellow","Southeast Asia"
"Lady's Finger",12.5878548131283,75.3244522233709,"curved","deep yellow","Australia"
"Lady's Finger",12.8489118290364,87.923105614216,"curved","deep yellow","Southeast Asia"
"Lady's Finger",12.9239169126461,90.6671028136192,"straight","deep yellow","Southeast Asia"
"Lady's Finger",12.1987357463593,67.5421964608659,"curved","deep yellow","Australia"
"Lady's Finger",11.5730987478489,44.4194306575929,"straight","deep yellow","Australia"
"Lady's Finger",12.568075721421,63.0526330909785,"straight","deep yellow","Southeast Asia"
"Lady's Finger",12.6475753677953,81.958520228499,"curved","deep yellow","Australia"
"Lady's Finger",11.1918427828761,42.478215436032,"curved","deep yellow","Australia"
"Lady's Finger",10.3213888080984,50.1574597078969,"curved","deep yellow","Southeast Asia"
"Lady's Finger",10.9228832300305,48.1822648057475,"curved","deep yellow","Southeast Asia"
"Lady's Finger",13.3264902261579,85.292018440006,"straight","deep yellow","Australia"
"Lady's Finger",12.5569400091276,79.2478629088417,"straight","deep yellow","Australia"
"Lady's Finger",11.0623563492834,55.5011276901129,"straight","deep yellow","Australia"
"Lady's Finger",11.005597874647,51.3315241497241,"curved","deep yellow","Southeast Asia"
"Lady's Finger",11.2201501200978,63.2245438406902,"curved","deep yellow","Southeast Asia"
"Lady's Finger",11.3202683516479,60.7619026153889,"curved","deep yellow","Southeast Asia"
"Lady's Finger",14.1729943482882,92.7223457998368,"curved","deep yellow","Australia"
"Red",15.7457978624165,109.597682496421,"curved","reddish-purple","Southeast Asia"
"Red",14.4127429623575,88.8418525967803,"straight","reddish-purple","Australia"
"Red",13.1452362117812,65.3934423808302,"straight","reddish-purple","Australia"
"Red",14.6552974293833,92.238756605049,"curved","reddish-purple","Southeast Asia"
"Red",8.29359450962612,60.5258457916143,"curved","reddish-purple","Southeast Asia"
"Red",13.9319407781366,75.6498210548765,"curved","reddish-purple","Australia"
"Red",15.1598126824313,79.3195412902578,"straight","reddish-purple","Australia"
"Red",13.8707146554264,73.1074865280992,"curved","reddish-purple","Australia"
"Red",17.0618782936798,108.604450385896,"curved","reddish-purple","Australia"
"Red",10.7329879897855,75.6595672833071,"straight","reddish-purple","Southeast Asia"
"Red",12.8925865837187,75.0205842961835,"straight","reddish-purple","Australia"
"Red",14.8466684551699,80.9571839061708,"straight","reddish-purple","Australia"
"Red",11.6985575197008,40.0203359764274,"straight","reddish-purple","Australia"
"Red",15.8609334328375,113.786283741609,"straight","reddish-purple","Australia"
"Red",14.1271920516107,81.1990735131438,"straight","reddish-purple","Australia"
"Red",15.4061269595929,96.6920486222549,"curved","reddish-purple","Australia"
"Red",18.6277791996,85.519091999633,"straight","reddish-purple","Australia"
"Red",12.8638382295471,95.5670049342375,"straight","reddish-purple","Australia"
"Red",12.4117910574449,90.0496873504074,"curved","reddish-purple","Australia"
"Red",17.4611888953834,97.3431954172179,"curved","reddish-purple","Southeast Asia"
"Red",12.367512882248,67.3612443751539,"curved","reddish-purple","Southeast Asia"
"Red",18.3482161561148,94.7129765770588,"straight","reddish-purple","Southeast Asia"
"Red",14.0809608175,81.1889454179522,"curved","reddish-purple","Australia"
"Red",12.7078421553052,70.4162654905337,"straight","reddish-purple","Australia"
"Red",12.5799337078936,82.9432556308247,"curved","reddish-purple","Southeast Asia"
"Red",16.1311265060806,96.6871125238259,"straight","reddish-purple","Southeast Asia"
"Red",12.785733007018,87.7681039539785,"curved","reddish-purple","Australia"
"Red",14.1709137338544,76.0818935330926,"straight","reddish-purple","Australia"
"Red",11.9031938128907,39.677239207369,"curved","reddish-purple","Southeast Asia"
"Red",14.7023433807518,68.2909860288532,"straight","reddish-purple","Australia"
"Red",16.7057665653126,100.519474341732,"curved","reddish-purple","Australia"
"Red",16.6709446002262,104.87450415265,"straight","reddish-purple","Australia"
"Red",17.0641169245216,104.925769097873,"curved","reddish-purple","Southeast Asia"
"Red",15.8526602456113,90.5654384930164,"straight","reddish-purple","Southeast Asia"
"Red",15.3715984096561,101.181837898987,"straight","reddish-purple","Southeast Asia"
"Red",8.33074404140438,55.9977075620076,"straight","reddish-purple","Australia"
"Red",13.9054397236375,68.6158978417036,"curved","reddish-purple","Australia"
"Red",13.5226064475244,70.9988684259619,"curved","reddish-purple","Southeast Asia"
"Red",13.1564618074502,82.3173643878817,"curved","reddish-purple","Australia"
"Red",14.75209371041,77.1646074511534,"straight","reddish-purple","Southeast Asia"
"Red",14.1482607003637,76.2951249412998,"curved","reddish-purple","Southeast Asia"
"Red",12.5808299509172,82.9475929888633,"curved","reddish-purple","Australia"
"Red",14.0289614078319,67.4440393983992,"curved","reddish-purple","Southeast Asia"
"Red",15.6087698160991,97.3265936227047,"straight","reddish-purple","Southeast Asia"
"Red",17.7971781026039,104.068132439887,"curved","reddish-purple","Southeast Asia"
"Red",15.4815696236088,101.621995586357,"straight","reddish-purple","Southeast Asia"
"Red",17.9894036756648,92.9154463499245,"straight","reddish-purple","Southeast Asia"
"Red",12.1733608240117,64.8861237692687,"straight","reddish-purple","Australia"
"Red",16.8346249217005,105.949021320593,"straight","reddish-purple","Australia"
"Red",13.0042348148392,70.1175528293562,"curved","reddish-purple","Australia"
"Red",16.3687057681715,100.427327640953,"curved","reddish-purple","Southeast Asia"
"Red",10.0823972549903,54.8346783207825,"curved","reddish-purple","Southeast Asia"
"Red",17.9158849130877,89.9880815186661,"curved","reddish-purple","Southeast Asia"
"Red",16.5990266404511,101.603050803333,"curved","reddish-purple","Australia"
"Red",13.3543485895079,72.3094906807198,"straight","reddish-purple","Australia"
"Red",15.901240575467,105.982569533233,"straight","reddish-purple","Australia"
"Red",16.388070968459,93.196834589973,"curved","reddish-purple","Southeast Asia"
"Red",15.5913169047543,92.6257346017807,"curved","reddish-purple","Australia"
"Red",15.8495137210193,91.2096302668937,"straight","reddish-purple","Australia"
"Red",15.1884437559898,109.375390831644,"straight","reddish-purple","Southeast Asia"
"Red",13.0894097542344,78.1550516726248,"straight","reddish-purple","Southeast Asia"
"Red",13.4423445683355,68.8833994784232,"curved","reddish-purple","Australia"
"Red",16.707655963008,106.759203515686,"curved","reddish-purple","Australia"
"Red",13.4694046255899,77.6336343667472,"curved","reddish-purple","Australia"
"Red",15.6867837146213,108.544113857832,"curved","reddish-purple","Australia"
"Red",15.1637520385443,89.9583427049296,"curved","reddish-purple","Australia"
"Red",11.4497801555037,61.2760646416181,"straight","reddish-purple","Australia"
"Red",15.123015102709,97.6762377732667,"straight","reddish-purple","Australia"
"Red",17.3548552009522,100.372158831143,"curved","reddish-purple","Australia"
"Red",15.9212125035894,107.589498997201,"curved","reddish-purple","Southeast Asia"
"Red",17.0151202836673,105.176848940832,"straight","reddish-purple","Australia"
"Red",15.7292373263357,95.9796205121747,"curved","reddish-purple","Australia"
"Red",13.7163582248209,74.6725040162758,"straight","reddish-purple","Southeast Asia"
"Red",15.578735983208,100.413547666654,"curved","reddish-purple","Australia"
"Red",13.1846367506123,73.2969641893646,"straight","reddish-purple","Southeast Asia"
"Red",16.1055682329902,110.43525130612,"straight","reddish-purple","Australia"
"Red",16.6931821619226,113.856902216721,"straight","reddish-purple","Australia"
"Red",13.3525035622976,76.5335689308643,"straight","reddish-purple","Southeast Asia"
"Red",15.7401835264808,101.527716774356,"straight","reddish-purple","Australia"
"Red",12.7130254310423,86.6510212406559,"curved","reddish-purple","Southeast Asia"
"Red",13.6588164521152,86.2926987134857,"straight","reddish-purple","Australia"
"Red",14.7280016419843,68.6841641796374,"straight","reddish-purple","Southeast Asia"
"Red",13.9825144827023,73.5951260306134,"straight","reddish-purple","Australia"
"Red",17.7680086327275,105.587577832376,"curved","reddish-purple","Australia"
"Red",22.248194130899,123.731548376541,"straight","reddish-purple","Southeast Asia"
"Red",14.0247828108596,80.5050393471652,"curved","reddish-purple","Australia"
"Red",12.008150033795,82.3789105747854,"curved","reddish-purple","Australia"
"Red",15.7859275504303,88.079569450093,"curved","reddish-purple","Southeast Asia"
"Red",13.5030356429787,65.4606263967123,"curved","reddish-purple","Australia"
"Red",16.5201050919019,99.824930436921,"straight","reddish-purple","Australia"
"Red",17.6847179100877,100.720516083077,"straight","reddish-purple","Australia"
"Red",14.4891785131359,96.3680930021031,"curved","reddish-purple","Australia"
"Red",16.248627172405,89.4237755720752,"straight","reddish-purple","Australia"
"Red",14.7805808529948,77.7078589473856,"curved","reddish-purple","Australia"
"Red",14.7215218434884,75.826007644907,"straight","reddish-purple","Australia"
"Red",19.8520498324677,130.039215681869,"straight","reddish-purple","Southeast Asia"
"Red",14.1738987950196,75.3921756632851,"curved","reddish-purple","Southeast Asia"
"Red",14.9317754727304,67.8713610121799,"curved","reddish-purple","Southeast Asia"
"Red",17.5081313389629,112.993202011072,"curved","reddish-purple","Southeast Asia"
"Red",12.6483575396487,79.8646726091203,"straight","reddish-purple","Australia"
"Red",16.8878591756502,95.218344864641,"curved","reddish-purple","Australia"
"Red",14.2308305565803,77.238553731931,"straight","reddish-purple","Australia"
"Red",13.4184834462098,91.7801726307653,"curved","reddish-purple","Australia"
"Red",14.502806195181,83.2381511627309,"curved","reddish-purple","Southeast Asia"
"Red",17.6893504576016,83.1446970361142,"curved","reddish-purple","Australia"
"Red",13.4851294265907,86.1809495999906,"curved","reddish-purple","Australia"
"Red",15.1702771182685,96.8734939117746,"curved","reddish-purple","Southeast Asia"
"Red",16.8627956642156,109.714500133637,"straight","reddish-purple","Southeast Asia"
"Red",13.6570138774512,80.719183788475,"straight","reddish-purple","Southeast Asia"
"Red",13.9713304892973,66.8147909099816,"straight","reddish-purple","Australia"
"Red",15.5027659285897,91.0271343015681,"curved","reddish-purple","Southeast Asia"
"Red",17.4278846365407,100.611155085502,"curved","reddish-purple","Southeast Asia"
"Red",17.0865009675562,111.10808691533,"curved","reddish-purple","Australia"
"Red",13.7722623032048,77.2072877041045,"straight","reddish-purple","Australia"
"Red",15.9669237344797,100.929954161027,"curved","reddish-purple","Southeast Asia"
"Red",14.0767197013487,73.3976413661263,"straight","reddish-purple","Australia"
"Red",12.6497489895701,75.8490834569446,"curved","reddish-purple","Australia"
"Red",16.1384538280631,90.1132337954355,"straight","reddish-purple","Australia"
"Red",11.1666506059809,54.042255054693,"curved","reddish-purple","Southeast Asia"
"Pisang Raja",7.59488465874781,38.4470993363914,"curved","thick yellow","Indonesia"
"Pisang Raja",9.89305390037145,53.8754278948566,"straight","thick yellow","Indonesia"
"Pisang Raja",13.0371306656982,81.7055280351785,"curved","thick yellow","Indonesia"
"Pisang Raja",10.2050414948054,59.5641228610003,"straight","thick yellow","Indonesia"
"Pisang Raja",7.61237052784724,48.4125918447574,"straight","thick yellow","Indonesia"
"Pisang Raja",6.36484970187221,56.6527257897227,"curved","thick yellow","Indonesia"
"Pisang Raja",10.6634101162557,43.9320978742758,"straight","thick yellow","Indonesia"
"Pisang Raja",14.136185281624,63.2750025358519,"curved","thick yellow","Indonesia"
"Pisang Raja",11.749338764905,52.3335449198189,"curved","thick yellow","Indonesia"
"Pisang Raja",10.4893164291169,33.2775167283138,"straight","thick yellow","Indonesia"
"Pisang Raja",9.59333332044492,41.9766781061519,"straight","thick yellow","Indonesia"
"Pisang Raja",8.69712670849843,38.8896081872041,"curved","thick yellow","Indonesia"
"Pisang Raja",8.7179064840093,44.2279098123504,"straight","thick yellow","Indonesia"
"Pisang Raja",8.96248295785839,44.423353831781,"straight","thick yellow","Indonesia"
"Pisang Raja",12.696707815454,93.1166517964541,"curved","thick yellow","Indonesia"
"Pisang Raja",10.0006007422238,32.830267397396,"straight","thick yellow","Indonesia"
"Pisang Raja",12.8568141390446,53.4471130366712,"straight","thick yellow","Indonesia"
"Pisang Raja",8.16807953691028,63.9271115938029,"straight","thick yellow","Indonesia"
"Pisang Raja",11.8321076862834,59.2275751645753,"curved","thick yellow","Indonesia"
"Pisang Raja",10.8125866666716,45.8179206510868,"curved","thick yellow","Indonesia"
"Pisang Raja",9.70047550025156,45.0245663690466,"straight","thick yellow","Indonesia"
"Pisang Raja",11.0676498840016,53.8020761216541,"curved","thick yellow","Indonesia"
"Pisang Raja",7.10414050434636,44.0688730409301,"curved","thick yellow","Indonesia"
"Pisang Raja",9.30964314765088,51.9452448943318,"straight","thick yellow","Indonesia"
"Pisang Raja",7.0074523401044,49.9104180877882,"curved","thick yellow","Indonesia"
"Pisang Raja",7.14713330905792,60.2444488577474,"curved","thick yellow","Indonesia"
"Pisang Raja",11.1801804735904,66.9241965430549,"curved","thick yellow","Indonesia"
"Pisang Raja",12.3464362474188,65.760781968384,"straight","thick yellow","Indonesia"
"Pisang Raja",6.85352434283808,42.1348024352136,"straight","thick yellow","Indonesia"
"Pisang Raja",4.80257744512162,60.8391401703933,"curved","thick yellow","Indonesia"
"Pisang Raja",12.3521680822438,73.9113201226861,"curved","thick yellow","Indonesia"
"Pisang Raja",9.84784102483243,41.0183437741666,"straight","thick yellow","Indonesia"
"Pisang Raja",11.3195098632824,72.8882396861894,"straight","thick yellow","Indonesia"
"Pisang Raja",8.00975402481785,51.6809239885887,"curved","thick yellow","Indonesia"
"Pisang Raja",9.8687978146636,56.6353822320428,"curved","thick yellow","Indonesia"
"Pisang Raja",10.4970469695353,40.9600164611677,"straight","thick yellow","Indonesia"
"Pisang Raja",7.85271866656381,44.3491575236749,"straight","thick yellow","Indonesia"
"Pisang Raja",6.77256795994027,56.8038010756051,"straight","thick yellow","Indonesia"
"Pisang Raja",12.3444133774916,60.1495996751844,"curved","thick yellow","Indonesia"
"Pisang Raja",11.4149815461705,35.2480108633426,"curved","thick yellow","Indonesia"
"Pisang Raja",11.6681311140526,46.028188274317,"curved","thick yellow","Indonesia"
"Pisang Raja",11.4437926212876,51.8454181647904,"curved","thick yellow","Indonesia"
"Pisang Raja",9.23627149750063,35.2484389821803,"straight","thick yellow","Indonesia"
"Pisang Raja",13.2885385584899,75.6649195637281,"curved","thick yellow","Indonesia"
"Pisang Raja",14.6858724071723,70.6967218193858,"straight","thick yellow","Indonesia"
"Pisang Raja",13.4306662174628,68.5501867361535,"curved","thick yellow","Indonesia"
"Pisang Raja",11.949618408839,43.9750036613036,"straight","thick yellow","Indonesia"
"Pisang Raja",9.73047007082367,68.9609053780529,"straight","thick yellow","Indonesia"
"Pisang Raja",7.62941058140487,65.1616612114045,"curved","thick yellow","Indonesia"
"Pisang Raja",10.1844746372486,53.7813501583612,"straight","thick yellow","Indonesia"
"Pisang Raja",8.20820531376384,52.4931147044352,"curved","thick yellow","Indonesia"
"Pisang Raja",9.6398752529767,55.1046405014059,"straight","thick yellow","Indonesia"
"Pisang Raja",8.11557196450212,64.3252562316069,"straight","thick yellow","Indonesia"
"Pisang Raja",10.7467114612514,42.3105418072891,"curved","thick yellow","Indonesia"
"Pisang Raja",12.5908173262085,85.0016617682356,"straight","thick yellow","Indonesia"
"Pisang Raja",4.90887988807819,42.5181881759223,"curved","thick yellow","Indonesia"
"Pisang Raja",9.06788874664329,48.1852809729166,"straight","thick yellow","Indonesia"
"Pisang Raja",10.738556208358,48.8921750126149,"curved","thick yellow","Indonesia"
"Pisang Raja",8.18272242566543,30.4182046190499,"straight","thick yellow","Indonesia"
"Pisang Raja",12.7203743011344,74.8999266807812,"straight","thick yellow","Indonesia"
"Pisang Raja",7.57823950594364,31.1369810761625,"curved","thick yellow","Indonesia"
"Pisang Raja",8.53898916185994,61.7266670700091,"straight","thick yellow","Indonesia"
"Pisang Raja",10.2245456796801,39.2976654449462,"straight","thick yellow","Indonesia"
"Pisang Raja",10.6043239021207,43.6471143390525,"curved","thick yellow","Indonesia"
"Pisang Raja",9.66836982151169,47.5578648017083,"straight","thick yellow","Indonesia"
"Pisang Raja",14.4805508247868,67.3540895759031,"curved","thick yellow","Indonesia"
"Pisang Raja",9.76439948556726,60.3615919532046,"curved","thick yellow","Indonesia"
"Pisang Raja",10.0012363144742,35.8526617424978,"straight","thick yellow","Indonesia"
"Pisang Raja",7.73643753478427,28.3227391549958,"curved","thick yellow","Indonesia"
"Pisang Raja",11.7585526555105,61.6916192457416,"straight","thick yellow","Indonesia"
"Pisang Raja",5.55780162977016,55.192511099008,"curved","thick yellow","Indonesia"
"Pisang Raja",9.02039374454149,41.8605240387358,"curved","thick yellow","Indonesia"
"Pisang Raja",7.96529815910085,45.1238034817829,"curved","thick yellow","Indonesia"
"Pisang Raja",12.2210170556728,67.334255742698,"straight","thick yellow","Indonesia"
"Pisang Raja",5.06003059959555,43.0010661014874,"curved","thick yellow","Indonesia"
"Pisang Raja",12.7581319125439,81.0568218846144,"straight","thick yellow","Indonesia"
"Pisang Raja",13.3510078991881,71.8409775800335,"curved","thick yellow","Indonesia"
"Pisang Raja",8.79342260376646,41.0608970381532,"curved","thick yellow","Indonesia"
"Pisang Raja",10.9576729089426,49.4677747856785,"curved","thick yellow","Indonesia"
"Pisang Raja",9.79539115880152,45.2260214942945,"straight","thick yellow","Indonesia"
"Pisang Raja",12.5212116457777,78.9283891402821,"curved","thick yellow","Indonesia"
"Pisang Raja",10.4046144515711,55.3495265995469,"straight","thick yellow","Indonesia"
"Pisang Raja",8.38377814044823,44.0855585323615,"straight","thick yellow","Indonesia"
"Pisang Raja",10.9724376965181,63.9636932155775,"curved","thick yellow","Indonesia"
"Pisang Raja",8.05640750225907,37.5708091202464,"curved","thick yellow","Indonesia"
"Pisang Raja",13.9665188437356,78.062365051444,"straight","thick yellow","Indonesia"
"Pisang Raja",8.43254671543592,61.8128880201655,"curved","thick yellow","Indonesia"
"Pisang Raja",12.8748543362566,67.5778610452516,"straight","thick yellow","Indonesia"
"Pisang Raja",11.217344504926,47.6294058665685,"curved","thick yellow","Indonesia"
"Pisang Raja",9.93013639313861,46.1663162217319,"curved","thick yellow","Indonesia"
"Pisang Raja",11.8999452237421,84.4094176169929,"straight","thick yellow","Indonesia"
"Pisang Raja",9.394313784765,68.7790457674114,"curved","thick yellow","Indonesia"
"Pisang Raja",10.8497133405393,46.0920835404018,"curved","thick yellow","Indonesia"
"Pisang Raja",10.3849694605175,56.3749648450445,"curved","thick yellow","Indonesia"
"Pisang Raja",11.4086880089079,49.2905144235738,"curved","thick yellow","Indonesia"
"Pisang Raja",9.79780446996116,49.3663624352025,"straight","thick yellow","Indonesia"
"Pisang Raja",13.5319753001352,69.0150662887387,"curved","thick yellow","Indonesia"
"Pisang Raja",7.89684238104745,43.5407035299179,"straight","thick yellow","Indonesia"
"Pisang Raja",11.1840125889611,50.4589768413115,"curved","thick yellow","Indonesia"
"Pisang Raja",12.0115603642196,76.2437017597888,"straight","thick yellow","Indonesia"
"Pisang Raja",6.04820506402891,57.6858544748108,"curved","thick yellow","Indonesia"
"Pisang Raja",5.04809857738502,50.2953395207227,"curved","thick yellow","Indonesia"
"Pisang Raja",8.73915939246065,59.9955742798346,"straight","thick yellow","Indonesia"
"Pisang Raja",10.7827172221868,56.5370458114986,"straight","thick yellow","Indonesia"
"Pisang Raja",13.8232742821561,57.8176806711054,"straight","thick yellow","Indonesia"
"Pisang Raja",9.85588581687479,30.9048222469886,"straight","thick yellow","Indonesia"
"Pisang Raja",9.58917534105714,49.7781236025044,"straight","thick yellow","Indonesia"
"Pisang Raja",12.0836354314483,86.4654580476849,"curved","thick yellow","Indonesia"
"Pisang Raja",9.67135378461497,55.4324654572863,"curved","thick yellow","Indonesia"
"Pisang Raja",10.2306385078172,63.5840198002185,"curved","thick yellow","Indonesia"
"Pisang Raja",8.82293073558327,52.1872755081067,"straight","thick yellow","Indonesia"
"Pisang Raja",9.72086887679168,57.2971784722298,"straight","thick yellow","Indonesia"
"Pisang Raja",10.9086481692824,67.1986528948166,"straight","thick yellow","Indonesia"
"Pisang Raja",10.5092894414722,47.7161459515824,"curved","thick yellow","Indonesia"
"Pisang Raja",10.2312615482469,48.6185721213149,"straight","thick yellow","Indonesia"
"Pisang Raja",9.98172782084965,43.8520964350525,"straight","thick yellow","Indonesia"
"Pisang Raja",13.5838084165251,81.1357477072622,"curved","thick yellow","Indonesia"
"Pisang Raja",12.0151072203759,60.8574373772143,"curved","thick yellow","Indonesia"
"Pisang Raja",9.15983146215424,43.744068740969,"straight","thick yellow","Indonesia"
"Pisang Raja",7.72462942455496,49.9425543638247,"curved","thick yellow","Indonesia"
"Pisang Raja",10.4872678407782,47.5093888837528,"curved","thick yellow","Indonesia"
"Pisang Raja",9.5977527541148,69.9473833679079,"straight","thick yellow","Indonesia"
"Pisang Raja",10.6297622483055,40.8304682572562,"curved","thick yellow","Indonesia"
"Pisang Raja",10.3502354223522,46.1168316817914,"curved","thick yellow","Indonesia"
"Pisang Raja",12.3641362827483,64.7249820700527,"curved","thick yellow","Indonesia"
"Pisang Raja",12.20837947371,70.9863401863546,"straight","thick yellow","Indonesia"
"Pisang Raja",11.0081729830509,52.2334829387918,"straight","thick yellow","Indonesia"
"Pisang Raja",9.24817620315004,46.22773115433,"straight","thick yellow","Indonesia"
"Pisang Raja",9.63604317540372,53.9008395827669,"straight","thick yellow","Indonesia"
"Pisang Raja",5.69697238233338,42.1336839226692,"straight","thick yellow","Indonesia"
"Pisang Raja",9.78888556518752,70.5470795765435,"straight","thick yellow","Indonesia"
"Pisang Raja",9.8293502015973,49.9476833958972,"curved","thick yellow","Indonesia"
"Pisang Raja",14.2034554859737,72.4485508078306,"curved","thick yellow","Indonesia"
"Pisang Raja",11.344751770181,59.5057229291553,"curved","thick yellow","Indonesia"
"Pisang Raja",12.0922684111729,84.1213464522965,"curved","thick yellow","Indonesia"
"Pisang Raja",11.910314552632,60.7497118057177,"curved","thick yellow","Indonesia"
"Pisang Raja",12.5640359728735,85.9344228038801,"curved","thick yellow","Indonesia"
"Pisang Raja",8.5560916067839,68.2595519225396,"curved","thick yellow","Indonesia"
"Pisang Raja",10.1426655058226,32.8522013666751,"curved","thick yellow","Indonesia"
"Pisang Raja",7.26636209135453,39.9101407753954,"straight","thick yellow","Indonesia"
"Pisang Raja",13.2989125926464,61.780900430541,"curved","thick yellow","Indonesia"
"Pisang Raja",10.2194547316821,47.2111674889134,"curved","thick yellow","Indonesia"
"Apple",14.4668870215053,74.1499007067435,"straight","pink","Southeast Asia"
"Apple",11.4372077546461,40.7779091756236,"curved","pink","Hawaii"
"Apple",13.3914256431432,62.6749265908272,"curved","pink","Hawaii"
"Apple",14.5741551087964,92.4062040422865,"curved","pink","Southeast Asia"
"Apple",10.4545911118405,53.6190944784966,"straight","pink","Hawaii"
"Apple",15.2866732908989,100.335014262048,"straight","pink","Hawaii"
"Apple",13.4180533827584,73.7520956420469,"curved","pink","Hawaii"
"Apple",12.4602295910271,88.1772410220263,"straight","pink","South America"
"Apple",10.7953069118845,42.3041403928191,"straight","pink","Hawaii"
"Apple",16.0132020830183,88.5060220808819,"straight","pink","Hawaii"
"Apple",11.4703310109346,45.3899751013065,"curved","pink","Hawaii"
"Apple",16.5868532619831,106.218799396982,"curved","pink","South America"
"Apple",16.3292659787824,112.572724658224,"straight","pink","South America"
"Apple",11.2072396444993,73.4648061178783,"straight","pink","Hawaii"
"Apple",10.3662156828811,63.5847355195378,"straight","pink","Southeast Asia"
"Apple",13.5809658165585,71.0561127598751,"curved","pink","Hawaii"
"Apple",13.155654968015,67.8879468151131,"straight","pink","South America"
"Apple",14.1294898794073,74.7650409465848,"straight","pink","Hawaii"
"Apple",11.4203822428189,61.8189723949341,"curved","pink","Hawaii"
"Apple",14.051498135886,67.2328421049145,"curved","pink","Hawaii"
"Apple",14.7203249011476,65.4178877089627,"curved","pink","Hawaii"
"Apple",11.4650552650748,52.0092819899925,"curved","pink","Southeast Asia"
"Apple",11.5939480307287,55.4507201002492,"straight","pink","Hawaii"
"Apple",13.5522405881302,70.26901587367,"straight","pink","Southeast Asia"
"Apple",12.5523779037508,80.8538651338564,"curved","pink","Hawaii"
"Apple",14.8045475057745,85.2987512527007,"curved","pink","Hawaii"
"Apple",10.483022520266,74.8481567446855,"straight","pink","Hawaii"
"Apple",11.9478090199026,44.7414875797707,"straight","pink","Southeast Asia"
"Apple",14.4595172824405,61.9102641015227,"curved","pink","Southeast Asia"
"Apple",12.2330017318332,83.9147402655352,"straight","pink","Southeast Asia"
"Apple",13.9599506437933,74.9372282376779,"curved","pink","Hawaii"
"Apple",14.3975890225134,68.1224542920519,"straight","pink","Hawaii"
"Apple",12.293804174917,75.0939322668419,"curved","pink","South America"
"Apple",14.5534339497887,91.6662296720917,"curved","pink","South America"
"Apple",13.3612718600272,77.4987489623769,"straight","pink","Southeast Asia"
"Apple",14.7501208511531,77.7660755050317,"straight","pink","Southeast Asia"
"Apple",12.8438493927785,66.901673657558,"curved","pink","Hawaii"
"Apple",10.3755501927156,65.279626065643,"curved","pink","South America"
"Apple",12.4335310746045,76.6571942429772,"straight","pink","Southeast Asia"
"Apple",14.2034582500729,73.0928291016113,"straight","pink","Southeast Asia"
"Apple",11.5999334441807,52.305000927586,"curved","pink","South America"
"Apple",10.504163386799,59.9516868807045,"straight","pink","South America"
"Apple",9.57479611722843,45.871103182243,"curved","pink","Southeast Asia"
"Apple",12.2038810492066,67.5829565847405,"straight","pink","Southeast Asia"
"Apple",13.6739488993295,79.1018564809924,"curved","pink","South America"
"Apple",10.9610905343096,72.647069121852,"curved","pink","South America"
"Apple",13.0662899768213,66.5978667921231,"straight","pink","Southeast Asia"
"Apple",12.3258947315661,73.0498143484582,"curved","pink","Southeast Asia"
"Apple",13.1331269204825,74.0835202190757,"curved","pink","Southeast Asia"
"Apple",11.2080559613829,55.6778653339602,"straight","pink","Hawaii"
"Apple",13.8359463383996,76.0161339973456,"straight","pink","Hawaii"
"Apple",15.3782000593939,102.261386709138,"straight","pink","South America"
"Apple",14.0616131190771,82.4844916378604,"curved","pink","South America"
"Apple",11.2744044217047,41.6452861410878,"straight","pink","Hawaii"
"Apple",12.3489316516582,86.1611607715331,"curved","pink","Hawaii"
"Apple",14.890742003461,69.3151494479837,"curved","pink","South America"
"Apple",15.3186406726253,117.709739288993,"straight","pink","Southeast Asia"
"Apple",13.8715951823175,74.2125083158113,"curved","pink","South America"
"Apple",9.61114484297771,44.8071694040934,"straight","pink","Hawaii"
"Apple",10.6225181919543,59.2015306759588,"straight","pink","South America"
"Apple",12.2845092920279,50.3459317800439,"straight","pink","Southeast Asia"
"Apple",15.0345337625626,111.226738309267,"straight","pink","Southeast Asia"
"Apple",14.829281687295,79.5920680154082,"curved","pink","Southeast Asia"
"Apple",13.5145802271617,80.958019924099,"straight","pink","South America"
"Apple",12.651418878995,82.8880613442628,"straight","pink","Southeast Asia"
"Apple",16.1726761649296,107.165007452721,"curved","pink","South America"
"Apple",15.4039458723396,112.440743720334,"straight","pink","South America"
"Apple",11.270166163517,39.7608514011168,"curved","pink","Southeast Asia"
"Apple",11.618304440503,44.7916811651971,"curved","pink","Hawaii"
"Apple",14.8603650244902,90.8802514630282,"curved","pink","South America"
"Apple",16.834354615726,73.6226784797051,"straight","pink","Southeast Asia"
"Apple",9.67263888234256,44.1644509543765,"curved","pink","Southeast Asia"
"Apple",13.6734229300013,82.0385608657978,"straight","pink","Southeast Asia"
"Apple",13.6666496855316,67.3111035069666,"curved","pink","Hawaii"
"Apple",14.6789783011625,98.615496970769,"curved","pink","South America"
"Apple",12.1882284320181,72.8937483166749,"curved","pink","South America"
"Apple",13.6073325035484,92.2442377935481,"curved","pink","South America"
"Apple",13.4769018530044,59.4352989381097,"curved","pink","Hawaii"
"Apple",13.1332127101738,82.9899213272287,"curved","pink","South America"
"Apple",13.2053075336597,85.7394413696961,"curved","pink","Hawaii"
"Apple",10.84534053996,51.0225163218087,"straight","pink","South America"
"Apple",11.3854876482032,55.3264515984025,"curved","pink","Southeast Asia"
"Apple",12.0075061276169,81.1659899636589,"curved","pink","Hawaii"
"Apple",13.2945868507752,77.0498903308372,"straight","pink","Hawaii"
"Apple",12.085396812868,80.2265024321191,"straight","pink","Hawaii"
"Apple",14.6155546810273,79.0541826267251,"straight","pink","Hawaii"
"Apple",16.1946841490903,98.9674326166326,"curved","pink","Southeast Asia"
"Apple",11.967165450745,54.2853884246897,"curved","pink","Hawaii"
"Apple",11.3072051091563,44.0635782571275,"curved","pink","Hawaii"
"Apple",15.605685233242,114.62342248104,"straight","pink","Hawaii"
"Apple",12.5205369035771,65.8923741062087,"curved","pink","Southeast Asia"
"Apple",10.2569291110587,56.5571239783715,"curved","pink","Hawaii"
"Apple",17.4261079398941,98.6407745153706,"curved","pink","Southeast Asia"
"Apple",12.9199906482888,79.2747529950719,"straight","pink","Hawaii"
"Apple",13.7872922169998,73.6244716167897,"straight","pink","Southeast Asia"
"Apple",11.9574909871342,66.9547951435867,"curved","pink","South America"
"Apple",14.2184605342935,86.3814929651731,"straight","pink","South America"
"Apple",11.3490991674079,74.9901668402402,"straight","pink","South America"
"Apple",11.4914933281204,20.2477950535367,"straight","pink","Hawaii"
"Apple",13.0658284337654,61.7132888066785,"straight","pink","South America"
"Apple",16.0798091351778,97.4668540750585,"straight","pink","Southeast Asia"
"Apple",10.4436862875048,42.8977146349966,"straight","pink","Southeast Asia"
"Apple",12.5374514467652,87.7794844933078,"curved","pink","South America"
"Apple",13.5410386675784,96.389095401587,"curved","pink","South America"
"Apple",13.2687457445912,93.6823273549485,"straight","pink","Hawaii"
"Apple",13.0862763838219,74.2569147115557,"straight","pink","Southeast Asia"
"Apple",17.596253877024,78.4111982232706,"straight","pink","South America"
"Apple",13.9916331375083,89.4353863485198,"curved","pink","Hawaii"
"Apple",12.4223094286785,73.4035195977556,"straight","pink","Hawaii"
"Apple",12.3259422880118,83.5014606668187,"straight","pink","South America"
"Apple",14.6162862668421,73.7365092789448,"straight","pink","Hawaii"
"Apple",10.0369363858954,62.3902631338975,"curved","pink","South America"
"Apple",13.0010036257383,72.4682265036763,"straight","pink","Hawaii"
"Apple",15.0793538437428,102.405354197397,"straight","pink","Hawaii"
"Apple",13.0929530164815,85.7081402227072,"curved","pink","South America"
"Apple",14.0426750214866,77.0845269577515,"straight","pink","Hawaii"
"Apple",18.9498964932222,109.919788272192,"straight","pink","South America"
"Apple",13.129303446746,69.7662909301621,"straight","pink","South America"
"Apple",13.9100848260845,91.0409195113801,"straight","pink","South America"
"Apple",16.1031668276163,114.529637364369,"curved","pink","South America"
"Apple",12.8738406886716,52.6862396134103,"curved","pink","Southeast Asia"
"Apple",14.2153084978287,82.5972908432668,"straight","pink","Southeast Asia"
"Apple",13.3202125154624,101.116412889925,"straight","pink","South America"
"Apple",12.3673063424157,79.4371984890472,"straight","pink","Southeast Asia"
"Apple",12.6622148840375,80.2840608941298,"curved","pink","Hawaii"
"Apple",14.1165116759413,68.8757762967016,"straight","pink","Hawaii"
"Apple",12.070107473669,72.0931402639387,"straight","pink","South America"
"Apple",14.1817028724336,98.5664080291012,"straight","pink","South America"
"Apple",14.0366767164681,82.992175706426,"straight","pink","Hawaii"
"Apple",14.4564221026828,83.163138237598,"straight","pink","South America"
"Apple",11.9159665921691,64.3680615128356,"curved","pink","Hawaii"
"Apple",9.17106673649412,45.157245598178,"straight","pink","Hawaii"
"Apple",10.8020304146757,53.7346432499228,"curved","pink","South America"
"Apple",14.5925535258962,78.8942827468465,"straight","pink","Southeast Asia"
"Apple",14.5502605948071,83.9390439544904,"straight","pink","Hawaii"
"Apple",14.3856366681778,70.189692941978,"curved","pink","Hawaii"
"Apple",13.7685305110266,93.4105203594792,"curved","pink","Southeast Asia"
"Apple",9.35966732978041,31.0209021853332,"curved","pink","Hawaii"
"Apple",16.7891048132611,91.7025267844394,"curved","pink","Southeast Asia"
"Apple",16.7635171257881,115.05031821201,"straight","pink","Southeast Asia"
"Apple",14.7731694069063,87.2798568766894,"straight","pink","Southeast Asia"
"Apple",11.7778747048061,46.9289209778323,"straight","pink","South America"
"Apple",14.4874170097671,78.6527781913374,"curved","pink","Southeast Asia"
"Apple",9.27222479132549,41.8131677017388,"straight","pink","Hawaii"
"Apple",12.6919419771438,59.7192966087958,"straight","pink","Hawaii"
"Apple",9.34766413493927,53.8801959139169,"straight","pink","South America"
"Apple",11.6952684263102,36.3381739767017,"straight","pink","Hawaii"
"Apple",12.9185492722442,84.2564853749341,"straight","pink","South America"
"Apple",11.1024232758157,73.196234292344,"straight","pink","South America"
"Apple",11.477481574429,57.0249067488494,"straight","pink","Southeast Asia"
"Apple",10.4097699282201,41.4895976307839,"straight","pink","Southeast Asia"
"Apple",13.1844607457669,59.1923227488753,"curved","pink","Southeast Asia"
"Apple",12.0626625645361,80.2946774849231,"straight","pink","Southeast Asia"
"Apple",13.3354635898707,78.32519603265,"curved","pink","South America"
"Apple",10.2170839681052,44.3342510132295,"straight","pink","Hawaii"
"Apple",12.8907578833543,97.7028327687154,"straight","pink","Southeast Asia"
"Apple",13.0711193582934,66.3354580678698,"straight","pink","Hawaii"
"Apple",13.5998053335157,63.3943263574491,"curved","pink","Southeast Asia"
"Apple",15.4454987511889,112.208892269961,"curved","pink","South America"
"Apple",14.3343071390778,55.8171184936512,"straight","pink","Southeast Asia"
"Apple",13.5624036087231,64.9125785769258,"straight","pink","Hawaii"
"Apple",10.9892211325517,59.8129953901859,"straight","pink","South America"
"Apple",11.8763131835042,61.159857036031,"straight","pink","South America"
"Apple",13.2896549036099,82.8956145405855,"straight","pink","Hawaii"
"Apple",13.1286987180107,69.8459253812893,"curved","pink","Hawaii"
"Apple",11.6198716018605,62.4987496023179,"straight","pink","South America"
"Apple",14.6306464039346,76.8348930597188,"curved","pink","Southeast Asia"
"Apple",11.1203627859351,76.5622502146102,"straight","pink","South America"
"Apple",9.21871242328054,56.1813814644923,"curved","pink","Hawaii"
"Apple",13.9224196855763,71.574295207224,"curved","pink","South America"
"Apple",14.0786933145758,94.7659397223594,"straight","pink","Hawaii"
"Apple",12.4371498800166,79.0108517790029,"curved","pink","South America"
"Apple",9.46478609281888,76.4300789985129,"straight","pink","South America"
"Apple",13.5548780897817,57.3802030104224,"straight","pink","Hawaii"
"Apple",10.3633737489746,54.7947531078027,"curved","pink","South America"
"Apple",13.6462975448702,86.5291497533122,"curved","pink","Southeast Asia"
"Apple",16.9743162170652,96.2308551535326,"curved","pink","Hawaii"
"Apple",10.2358023455676,48.8848252160475,"straight","pink","Hawaii"
"Apple",13.3630404049198,81.0796236238122,"straight","pink","Southeast Asia"
"Apple",12.3711012849905,89.0076742387758,"curved","pink","Southeast Asia"
"Apple",12.8570828328994,86.8602444397554,"curved","pink","Southeast Asia"
"Apple",10.4113188880847,71.0125716445453,"curved","pink","South America"
"Apple",14.4990754567771,76.6356639442825,"curved","pink","Southeast Asia"
"Apple",10.591536890076,72.0685672901681,"straight","pink","South America"
"Apple",10.0860649871879,28.0721426858251,"straight","pink","Southeast Asia"
"Apple",14.8803532320373,68.0222079521639,"curved","pink","Hawaii"
"Apple",16.5434855162845,104.673715670432,"curved","pink","Hawaii"
"Apple",10.3083069632982,38.9342693012409,"curved","pink","Southeast Asia"
"Apple",15.8141753533062,98.530834150391,"curved","pink","Hawaii"
"Apple",11.9725112665063,41.3703738779898,"straight","pink","Southeast Asia"
"Apple",10.7591668282693,60.72317608319,"straight","pink","Southeast Asia"
"Apple",12.2224362373487,70.2606869827457,"curved","pink","Southeast Asia"
"Apple",11.9121788998017,47.0669932221777,"straight","pink","Hawaii"
"Apple",10.6802316835504,51.1336018848984,"curved","pink","Southeast Asia"
"Apple",17.3579926700065,86.1900927185475,"curved","pink","Hawaii"
"Apple",12.6391300218677,76.352250976193,"straight","pink","Hawaii"
"Apple",11.9286955524,43.2935734896593,"straight","pink","South America"
"Apple",12.7343589717668,76.6833955044419,"curved","pink","Hawaii"
"Apple",11.9058568069895,52.9942622029187,"curved","pink","Hawaii"
"Apple",12.0536357319155,76.1533520246746,"curved","pink","Southeast Asia"
"Apple",12.8726462844248,71.9027845238364,"curved","pink","Southeast Asia"
"Apple",11.5166185255559,69.4378497172341,"curved","pink","South America"
"Apple",17.3273121671069,94.2346122244317,"curved","pink","Hawaii"
"Apple",13.5661500590671,84.7762428226761,"straight","pink","Hawaii"
"Apple",13.988111733868,79.8115419582132,"curved","pink","Hawaii"
"Apple",16.6839591078598,99.5003846841402,"straight","pink","South America"
"Apple",13.7096596813604,63.1989335817497,"curved","pink","Southeast Asia"
"Apple",10.5382482748735,52.1355197416615,"curved","pink","South America"
"Apple",12.1959167930767,88.241133225707,"curved","pink","Southeast Asia"
"Apple",12.2492016970488,72.2888646653413,"curved","pink","Hawaii"
"Apple",15.5137926092404,115.18890991317,"curved","pink","South America"
"Apple",14.2833121358472,70.0806464662741,"curved","pink","South America"
"Apple",13.2382645563662,57.8772065837326,"straight","pink","Hawaii"
"Apple",13.0317988781328,71.9386459126624,"straight","pink","Hawaii"
"Apple",8.90462645410283,46.7671696635443,"curved","pink","Southeast Asia"
"Apple",12.0614407455675,105.055852459118,"curved","pink","South America"
"Apple",15.8190593507596,103.316835879924,"curved","pink","Southeast Asia"
"Apple",13.6449053122197,85.1304087452715,"curved","pink","Southeast Asia"
"Apple",12.0879129501332,77.2957110823027,"curved","pink","South America"
"Apple",10.7190923191726,56.021293047164,"curved","pink","South America"
"Apple",14.4233608586067,82.7493808692152,"curved","pink","Southeast Asia"
"Apple",11.3558110487566,44.4859592102304,"curved","pink","South America"
"Apple",13.7064600214251,79.9542030733499,"curved","pink","Hawaii"
"Apple",13.9566283602077,78.1668258871637,"straight","pink","South America"
"Apple",16.3992850522085,107.666184499124,"curved","pink","Southeast Asia"
"Apple",10.6221124771923,61.8993238737879,"straight","pink","Hawaii"
"Apple",13.7252750897941,84.3539290966339,"curved","pink","Hawaii"
"Apple",10.0417537955651,64.1252292903668,"curved","pink","South America"
"Apple",9.20587743546095,64.0138194304543,"curved","pink","Southeast Asia"
"Apple",11.7163429889122,32.4183491635807,"curved","pink","Southeast Asia"
"Apple",12.6924790659665,78.7023128316491,"curved","pink","South America"
"Apple",13.222483891864,64.5766366114894,"straight","pink","Hawaii"
"Apple",15.1924067154227,96.5826710182213,"curved","pink","Southeast Asia"
"Apple",11.2769588333368,52.3873405970456,"straight","pink","South America"
"Apple",11.2425170125735,49.7311194671653,"curved","pink","Southeast Asia"
"Apple",14.1193119369908,54.6322520352108,"curved","pink","Hawaii"
"Apple",14.7487416655482,68.0720849665097,"straight","pink","Hawaii"
"Apple",12.7577978178423,73.7681049286491,"straight","pink","South America"
"Apple",13.1041172187276,78.6722516253785,"curved","pink","Southeast Asia"
"Apple",12.1760211355109,83.5442458105155,"curved","pink","South America"
"Apple",15.9530791422952,104.456503620889,"straight","pink","Hawaii"
"Apple",9.35993954803843,41.4609250257196,"straight","pink","South America"
"Apple",11.7559793640614,59.8611761724553,"curved","pink","Hawaii"
"Apple",12.1658797890537,67.3287621342673,"straight","pink","South America"
"Apple",12.186174213074,76.7526220674523,"straight","pink","Hawaii"
"Apple",15.0922113960626,106.398125267792,"curved","pink","Southeast Asia"
"Apple",16.7227227361729,113.128168122688,"straight","pink","South America"
"Apple",11.7540345086756,57.9248424248335,"curved","pink","Hawaii"
"Apple",13.2991734087584,83.1007170552521,"curved","pink","Hawaii"
"Apple",15.1386554876543,106.180230821462,"straight","pink","Southeast Asia"
"Apple",15.3798436261885,100.129010943432,"curved","pink","Southeast Asia"
"Apple",13.4784447345632,98.3077145014943,"straight","pink","South America"
"Apple",13.6902819023211,77.0987039494197,"straight","pink","Southeast Asia"
"Apple",12.7017361372796,96.2154891253116,"curved","pink","South America"
"Apple",12.8352203848537,58.8280581007018,"curved","pink","Southeast Asia"
"Apple",11.0698250352272,57.8376266428652,"straight","pink","Hawaii"
"Apple",11.1990351967471,37.2339997307576,"straight","pink","Southeast Asia"
"Apple",10.7205331506599,60.4131334760672,"curved","pink","Hawaii"
"Apple",14.4960762648262,65.645789523017,"curved","pink","Hawaii"
"Apple",10.133911228257,40.4897914292492,"curved","pink","Southeast Asia"
"Apple",9.65968601269281,27.7255056895798,"curved","pink","Hawaii"
"Apple",9.23918086486789,38.6897356554688,"straight","pink","Hawaii"
"Apple",12.7227072965668,94.0291463184822,"curved","pink","South America"
"Apple",16.3959109298305,105.626755061689,"curved","pink","South America"
"Apple",12.9675616439587,65.7405155026625,"straight","pink","Hawaii"
"Apple",15.0248253008614,117.076873128949,"curved","pink","Southeast Asia"
"Apple",10.449181755607,52.6274005873136,"straight","pink","Southeast Asia"
"Apple",14.7291169624262,64.6613544294612,"straight","pink","Hawaii"
"Apple",11.4045360788283,48.9884179759665,"straight","pink","Southeast Asia"
"Apple",15.8598043239135,89.6523735209947,"straight","pink","Hawaii"
"Apple",12.5427031577386,83.0247661839246,"straight","pink","Southeast Asia"
"Apple",10.4147422970681,45.4599513277087,"straight","pink","Hawaii"
